{
  "BLEU-1": 0.756030576336956,
  "BLEU-2": 0.5619802371524316,
  "BLEU-3": 0.3999296233352578,
  "BLEU-4": 0.27683707096788923,
  "ROUGE-1": 0.5017148745042382,
  "ROUGE-2": 0.2632884616526229,
  "METEOR": 0.527798651510049,
  "Processed": 31014
}