{
  "BLEU-1": 0.7799675997172161,
  "BLEU-2": 0.5939059638021856,
  "BLEU-3": 0.4311314424565897,
  "BLEU-4": 0.2999969928343399,
  "ROUGE-1": 0.6016040501361375,
  "ROUGE-2": 0.3564617560890395,
  "METEOR": 0.570332880122087
}